城市,州
Atlanta,Georgia
Boston,Massachusetts
Brooklyn,New York
Charlotte,North Carolina
Chicago,Illinois
Cleveland,Ohio
Dallas,Texas
Denver,Colorado
Detroit,Michigan
Golden State,California
Houston,Texas
Indiana,Indiana
LA,California
Los Angeles,California
Memphis,Tennessee
Miami,Florida
Milwaukee,Wisconsin
Minnesota,Minnesota
New Orleans,Louisiana
New York,New York
Oklahoma City,Oklahoma
Orlando,Florida
Philadelphia,Pennsylvania
Phoenix,Arizona
Portland,Oregon
Sacramento,California
San Antonio,Texas
Toronto,Ontario
Utah,Utah
Washington,D.C.
